"Rating","Price","Size","Weight","Battery","Material"
4.63727226173701,5,7,1.5,8,"Silicon"
3.91701230399984,12,8,1,10,"Metal"
4.42732815156899,8,10,1.5,6,"Silicon"
2.80637852407689,12,9,2,8,"Ceramic"
5.25674063889219,5,8,2,10,"Silicon"
2.47507468938863,12,9,2,4,"Ceramic"
4.25671810034553,5,9,1.5,4,"Plastic"
4.85003379762367,5,7,1,8,"Silicon"
5.19053389020806,5,9,1,10,"Metal"
3.62319055139758,5,7,1.5,4,"Ceramic"
3.33539554066382,12,9,2,4,"Silicon"
3.19247355308167,12,7,0.5,4,"Plastic"
4.24350970313877,8,7,1.5,6,"Metal"
3.79248822264168,12,8,2,10,"Plastic"
3.93275336199288,8,10,1.5,4,"Metal"
3.83357615275567,8,9,1,6,"Ceramic"
3.57831073865113,12,10,1,8,"Plastic"
2.9536777443391,10,7,1,4,"Ceramic"
4.25187387942169,8,8,2,8,"Plastic"
4.47520904136937,8,8,1,6,"Metal"
3.75381511047807,10,10,1.5,8,"Plastic"
4.901448926059,5,9,1.5,10,"Metal"
4.18704828625114,5,10,1,8,"Ceramic"
3.19858663543321,10,8,1,8,"Ceramic"
3.75878502861894,8,10,2,6,"Ceramic"
4.28052329015924,8,9,1.5,8,"Silicon"
4.20948197209041,8,8,1.5,6,"Metal"
4.74182173418042,8,9,2,10,"Silicon"
4.39144048865877,8,10,0.5,8,"Plastic"
4.03482649604281,10,8,1.5,10,"Metal"
3.87222119867416,8,9,0.5,10,"Ceramic"
4.50269498407552,8,10,0.5,6,"Plastic"
3.6995485496384,10,8,1.5,6,"Plastic"
4.10739136459042,10,7,1,10,"Metal"
3.91725327588984,10,10,1,8,"Metal"
2.78333221009539,12,9,1.5,6,"Ceramic"
4.36001201187242,8,9,1,8,"Metal"
4.48820978777965,5,9,1,10,"Ceramic"
2.78992703173814,12,7,2,8,"Ceramic"
3.64201582825033,12,8,2,8,"Silicon"
3.64654222534715,12,8,0.5,8,"Silicon"
2.6625808402691,10,7,1.5,4,"Ceramic"
4.56801528357706,8,10,0.5,10,"Plastic"
4.37517566216001,8,9,1,8,"Metal"
3.45988878670159,8,9,1.5,8,"Ceramic"
4.46680958202664,5,10,1.5,4,"Plastic"
4.88994880286646,5,8,1.5,6,"Silicon"
4.35932786546469,8,10,1.5,6,"Metal"
3.48204132435694,12,7,2,8,"Metal"
3.45136369340174,12,9,0.5,8,"Plastic"
2.77178628724478,12,10,1.5,8,"Ceramic"
3.76545158442143,12,10,0.5,10,"Plastic"
2.96010584886695,10,10,2,4,"Ceramic"
4.38786811122377,8,7,2,6,"Plastic"
4.22688527297597,8,10,1.5,8,"Metal"
4.28998399139648,8,7,2,8,"Metal"
3.67087212401157,10,9,2,4,"Silicon"
5.13691653463159,5,10,1,6,"Silicon"
3.82180349943412,5,7,0.5,4,"Ceramic"
4.7637632970629,5,8,2,8,"Plastic"
3.94341800040369,12,7,1,10,"Silicon"
3.92347757849804,5,9,1.5,8,"Ceramic"
4.26363728447814,5,8,1,6,"Ceramic"
2.77892130381331,12,8,0.5,8,"Ceramic"
4.40829623761684,8,9,2,6,"Metal"
3.31393019056045,12,9,1,4,"Plastic"
4.44969142360841,5,8,0.5,4,"Metal"
3.20870043895675,12,7,2,4,"Metal"
5.24422068394699,5,10,1,10,"Plastic"
4.73292145141707,8,9,1,10,"Silicon"
3.37747277659819,8,10,0.5,4,"Ceramic"
3.03758165698946,12,10,1,6,"Ceramic"
4.09969030704377,10,8,0.5,10,"Plastic"
3.54377926004203,8,8,0.5,8,"Ceramic"
3.51964129662319,12,9,2,8,"Plastic"
4.07830262824969,8,7,2,4,"Silicon"
4.41906676829147,5,9,1,10,"Ceramic"
4.6345361643457,8,10,1,6,"Silicon"
5.04431718392959,5,9,1.5,10,"Silicon"
3.88187796502998,5,9,1.5,8,"Ceramic"
3.91220064878096,8,9,2,10,"Ceramic"
3.49267433546033,12,7,0.5,6,"Plastic"
3.75695066078903,12,9,2,6,"Silicon"
4.84177654223907,5,7,2,6,"Metal"
3.20506983883937,10,7,0.5,6,"Ceramic"
3.81288359313521,12,8,0.5,10,"Silicon"
3.78826850930158,10,8,2,8,"Metal"
4.47322889876181,5,7,2,4,"Plastic"
2.8999810930484,10,8,2,4,"Ceramic"
4.02370806872214,10,10,2,6,"Plastic"
4.13532925400277,10,9,1,6,"Silicon"
2.81284879727808,12,8,2,8,"Ceramic"
4.27347970429925,8,10,1,4,"Silicon"
4.40876667148411,5,9,1,10,"Ceramic"
3.09321857544535,12,7,0.5,10,"Ceramic"
3.31680023125716,12,10,0.5,4,"Silicon"
4.55287645170397,5,7,1.5,8,"Plastic"
3.76824871759069,10,9,2,4,"Silicon"
3.23217528882516,12,10,2,4,"Plastic"
4.68149146943211,5,8,0.5,8,"Metal"
3.23617701534196,12,9,1,10,"Ceramic"
4.85460465580424,5,10,1.5,6,"Plastic"
3.86417763907801,12,9,1,10,"Metal"
3.28513154419765,8,8,1.5,4,"Ceramic"
4.93748582049343,5,10,0.5,8,"Silicon"
4.82966672625675,5,7,1,6,"Plastic"
3.28170399944868,12,8,1,4,"Metal"
3.64646024557063,12,8,0.5,6,"Silicon"
4.50898594780457,8,9,1,6,"Metal"
3.28356798143467,12,10,1,4,"Metal"
4.31063443256333,5,7,1.5,4,"Metal"
2.91752868053792,10,10,0.5,4,"Ceramic"
4.13254430193779,10,7,1,10,"Plastic"
3.67930848917621,12,10,1,6,"Metal"
4.47494003950875,8,7,0.5,6,"Silicon"
3.73539905330864,10,7,1.5,6,"Plastic"
3.54873446799739,12,8,1,8,"Plastic"
3.92675005495474,10,10,0.5,6,"Plastic"
4.25907815437967,8,7,0.5,8,"Plastic"
2.44070297052442,12,10,1.5,4,"Ceramic"
3.81599779271851,12,8,1,10,"Plastic"
3.42169676732929,12,9,1.5,6,"Metal"
4.3355992876452,8,10,0.5,8,"Plastic"
3.86231732530857,10,7,1,6,"Plastic"
4.2095224157749,10,10,0.5,10,"Metal"
3.13192852866257,10,7,1,8,"Ceramic"
3.68111053829749,12,9,1,6,"Metal"
4.92387954469491,5,8,2,6,"Metal"
3.63812820126036,12,8,0.5,8,"Silicon"
4.37331671623829,8,8,0.5,6,"Plastic"
3.08882424171974,10,7,0.5,8,"Ceramic"
3.23819776012522,12,7,1,4,"Plastic"
3.9865114539282,8,9,1.5,4,"Silicon"
5.25098278652694,5,8,2,10,"Silicon"
3.6841404439162,10,7,2,4,"Silicon"
4.13030440187788,10,9,2,10,"Metal"
3.82983326708632,10,8,1.5,6,"Plastic"
4.40547960554958,5,8,2,10,"Ceramic"
3.69323327368991,8,8,0.5,6,"Ceramic"
4.51847009512213,8,9,1,8,"Silicon"
3.88508175766609,12,10,1,10,"Plastic"
3.8945694606029,12,10,0.5,10,"Metal"
5.12407211854218,5,8,1,10,"Plastic"
3.84387274331082,10,9,2,8,"Plastic"
3.59258094423234,12,8,2,6,"Metal"
3.45013717708251,12,7,0.5,8,"Plastic"
4.46624641890006,8,8,2,6,"Plastic"
3.5649656779899,12,8,1,8,"Plastic"
3.82104025784233,8,10,1.5,10,"Ceramic"
2.99311832764615,12,10,1.5,10,"Ceramic"
4.26474920561953,10,7,1,10,"Silicon"
3.41130006265395,12,9,1.5,6,"Plastic"
2.4475217387004,12,7,0.5,4,"Ceramic"
4.17053813982989,5,7,2,6,"Ceramic"
3.32376976584272,12,9,1.5,8,"Metal"
4.84333017217625,8,10,2,10,"Silicon"
4.81888689965108,5,7,1,6,"Plastic"
4.09103548104318,10,10,2,6,"Silicon"
4.09549577475992,10,8,2,6,"Silicon"
3.99445773698316,10,9,1.5,10,"Metal"
3.66593594058099,10,9,1.5,8,"Metal"
4.55754128511729,8,7,0.5,10,"Metal"
4.68132691221717,8,9,2,10,"Metal"
3.66857791357053,8,10,1,8,"Ceramic"
3.61813302198676,10,7,1.5,8,"Plastic"
3.70310895784149,12,7,0.5,6,"Silicon"
4.39485693379631,5,7,2,10,"Ceramic"
3.52297034711784,8,7,0.5,8,"Ceramic"
5.03910914847516,5,10,0.5,10,"Metal"
3.82968730403982,10,8,1.5,8,"Silicon"
3.86013357388446,10,8,1.5,6,"Silicon"
4.0703813056337,8,8,1,4,"Plastic"
4.7794916205933,8,10,1,10,"Silicon"
4.21272803291737,5,10,0.5,6,"Ceramic"
3.12408074633751,12,8,0.5,10,"Ceramic"
3.69118552141805,10,10,1,4,"Plastic"
3.69045360468181,8,7,1,8,"Ceramic"
4.19524335788253,8,9,1.5,8,"Plastic"
3.78027489537092,10,8,1,4,"Silicon"
4.83515945358567,5,8,1,8,"Metal"
4.93453839328799,5,9,1,6,"Metal"
3.86261853584157,10,8,1.5,6,"Plastic"
4.01916296568889,5,8,1.5,6,"Ceramic"
3.83158577442963,12,9,1,10,"Plastic"
3.2286940064093,12,7,1,10,"Ceramic"
4.4681678127815,8,10,2,6,"Plastic"
4.12596279617659,10,9,0.5,10,"Metal"
3.76696052237784,8,10,2,6,"Ceramic"
3.80907142478205,8,8,1,6,"Ceramic"
5.17320917153627,5,9,2,10,"Metal"
3.66719361640424,8,7,1,8,"Ceramic"
3.11378163335721,12,10,2,10,"Ceramic"
2.96105581404681,12,9,1,8,"Ceramic"
3.59549578892906,12,7,0.5,6,"Metal"
4.65390142391157,5,10,1.5,8,"Metal"
3.91202340997802,10,8,0.5,6,"Plastic"
5.0607464995389,5,9,1,10,"Plastic"
3.58953902846412,12,8,2,6,"Metal"
4.80921576790919,5,7,1.5,10,"Metal"
4.77355800975888,5,8,1,8,"Metal"
3.96582511198928,12,10,1,10,"Plastic"
2.51867813117552,12,7,0.5,4,"Ceramic"
3.06553387242208,12,8,0.5,10,"Ceramic"
4.21461501833348,10,8,1,10,"Metal"
3.65699426534302,12,8,2,8,"Silicon"
3.47922469662629,12,9,0.5,8,"Plastic"
3.23271102509234,12,9,2,4,"Metal"
4.17983818795536,8,10,1,4,"Silicon"
4.86571826969801,5,8,1,8,"Plastic"
4.50762099369212,5,8,1,4,"Plastic"
4.39427755553056,8,8,2,8,"Silicon"
3.435880916854,10,7,0.5,4,"Metal"
4.50284810200599,5,10,2,10,"Ceramic"
4.41675361100149,8,10,2,6,"Plastic"
4.46633498361038,5,7,1,4,"Plastic"
3.50209992525871,10,9,1,10,"Ceramic"
3.53658176046107,8,8,0.5,8,"Ceramic"
3.67840782545582,10,10,1,4,"Plastic"
3.90100447985225,8,10,1.5,4,"Metal"
4.2240471952196,10,7,0.5,10,"Silicon"
3.67681802228425,12,10,2,8,"Silicon"
3.58180098005631,10,9,1,4,"Metal"
4.45571021132001,5,7,1.5,4,"Silicon"
4.02231061831854,8,9,1,4,"Plastic"
4.01111345569307,8,8,0.5,4,"Metal"
4.75531348908499,5,7,2,6,"Plastic"
3.75407435921229,8,7,1,6,"Ceramic"
4.10608348889004,8,10,1,4,"Metal"
4.88620455137415,5,8,1,6,"Plastic"
3.00195969698794,12,8,1.5,4,"Plastic"
2.67816387827382,12,8,1.5,8,"Ceramic"
3.51592789085597,8,10,1,4,"Ceramic"
5.08462237999071,5,9,1,10,"Metal"
4.34741112261062,5,10,1.5,10,"Ceramic"
3.76071197412928,10,7,2,8,"Plastic"
3.98674223485677,10,8,1,6,"Metal"
3.75255992692446,12,9,0.5,10,"Plastic"
4.46512537303326,8,7,0.5,6,"Silicon"
3.01258616392293,12,9,1.5,4,"Plastic"
4.67143069416124,5,8,0.5,8,"Metal"
3.95235216654795,12,10,2,10,"Silicon"
3.72254589984828,10,10,1.5,8,"Plastic"
4.38401124543039,8,7,1.5,6,"Silicon"
4.53447598749032,8,9,0.5,10,"Metal"
4.08673287790353,10,7,2,10,"Metal"
3.09491706476666,12,9,1.5,4,"Plastic"
3.6236455832931,12,10,1,8,"Plastic"
3.91286345827734,10,10,0.5,8,"Plastic"
3.68442727229821,8,8,1,8,"Ceramic"
4.2799612396418,8,7,2,8,"Plastic"
3.87376763344785,10,10,1.5,6,"Metal"
4.76351355954521,8,9,2,10,"Silicon"
3.71323476270821,8,9,2,8,"Ceramic"
3.99815688369072,10,9,1,6,"Metal"
3.51674672458326,10,10,0.5,10,"Ceramic"
4.26861544915518,10,10,0.5,10,"Silicon"
4.44960013594628,10,10,1,10,"Silicon"
4.57674946230822,8,8,1,6,"Silicon"
4.14568896067529,8,10,0.5,4,"Silicon"
3.45088105446885,10,10,1.5,4,"Plastic"
3.37482794078855,12,9,2,4,"Silicon"
3.87656420572093,12,10,1,10,"Plastic"
3.62682223656221,10,8,0.5,4,"Silicon"
4.97885504070972,5,9,2,8,"Silicon"
3.30600840668318,12,10,0.5,4,"Metal"
4.80338022151161,5,8,2,8,"Metal"
3.85449836292608,8,9,1,6,"Ceramic"
3.06518034356721,10,8,1.5,8,"Ceramic"
3.98897781278048,10,8,1.5,10,"Metal"
4.9590623374865,5,10,2,8,"Silicon"
3.58624486180196,10,9,1,4,"Metal"
3.81219936852405,12,9,2,10,"Plastic"
3.32118865782917,12,8,1.5,8,"Metal"
3.94883114465063,10,10,0.5,6,"Metal"
2.75685019480295,12,9,1.5,6,"Ceramic"
4.64154738636313,8,10,2,10,"Plastic"
4.13554340719789,8,10,2,4,"Metal"
2.81482772560332,10,7,0.5,4,"Ceramic"
3.87413520311038,10,9,2,6,"Plastic"
4.90027507116003,5,8,1.5,6,"Silicon"
3.63774149753322,8,9,2,8,"Ceramic"
3.69696198664617,10,10,2,4,"Plastic"
3.63077433487346,8,8,2,8,"Ceramic"
3.99230461445967,8,9,2,4,"Metal"
5.20735587817651,5,10,2,10,"Silicon"
4.06242300410348,8,9,1,4,"Plastic"
3.87953235524468,8,9,0.5,10,"Ceramic"
3.33430260081561,12,7,1.5,8,"Plastic"
4.4344792833742,8,9,2,6,"Metal"
3.74167866471497,10,8,1.5,6,"Plastic"
3.65987199052184,8,10,1.5,6,"Ceramic"
4.08610619313822,8,8,2,4,"Metal"
4.54795640241817,5,10,0.5,4,"Metal"
3.22171061969868,10,10,2,8,"Ceramic"
3.65266064211023,12,8,2,8,"Silicon"
3.8679219946291,12,8,2,10,"Metal"
3.72978721243298,10,10,1.5,8,"Plastic"
4.47022831068117,8,7,0.5,6,"Silicon"
3.90686272339632,12,10,2,10,"Plastic"
3.94146181280792,10,10,1,8,"Plastic"
3.6268322645195,12,9,0.5,8,"Silicon"
5.1175095568306,5,10,1,6,"Silicon"
4.48150851648246,8,7,1.5,10,"Plastic"
3.0458350426448,12,7,0.5,10,"Ceramic"
3.19177050529468,12,7,1.5,8,"Plastic"
3.34735717044252,10,9,1,6,"Ceramic"
3.64351054003779,12,9,2,8,"Silicon"
3.28693168779083,8,9,0.5,4,"Ceramic"
3.08626943966912,12,8,0.5,10,"Ceramic"
4.76610327621197,5,9,1,8,"Plastic"
3.53491241791621,12,10,0.5,8,"Plastic"
4.68347382522752,8,9,1,10,"Metal"
4.36481962058055,5,8,1.5,4,"Plastic"
3.41741127602561,12,8,1,4,"Silicon"
3.16636249426184,12,8,2,10,"Ceramic"
4.32716554297264,5,9,1,6,"Ceramic"
2.78617461207334,12,7,0.5,8,"Ceramic"
4.38808454748347,8,7,1,6,"Metal"
4.37176626325863,8,7,1,8,"Silicon"
4.51924264132361,8,9,0.5,10,"Plastic"
2.72241642105291,12,7,0.5,8,"Ceramic"
4.1618437327326,8,7,1.5,6,"Plastic"
3.91373122364483,8,10,1.5,10,"Ceramic"
3.21341383772285,12,9,0.5,4,"Metal"
3.95491564716894,8,7,0.5,10,"Ceramic"
4.16582771412044,8,8,0.5,8,"Plastic"
4.12693406346899,10,9,2,10,"Plastic"
4.70972717180986,5,10,0.5,8,"Plastic"
3.3211690240761,12,9,0.5,4,"Silicon"
3.5170428810058,12,7,1.5,6,"Silicon"
4.10978761073036,8,10,1,4,"Metal"
2.95372509384945,10,8,2,4,"Ceramic"
4.10724879230254,10,8,2,10,"Metal"
3.44088591724385,10,7,1,10,"Ceramic"
4.39943187996766,8,7,1.5,10,"Metal"
3.52287777828989,10,7,0.5,4,"Metal"
2.93406624088009,10,10,2,4,"Ceramic"
3.48649265593851,12,7,0.5,8,"Silicon"
3.92538960548244,8,7,0.5,4,"Plastic"
4.02223067969136,8,7,1,4,"Plastic"
3.25052598982538,12,8,0.5,4,"Plastic"
4.80755896236886,5,9,0.5,6,"Plastic"
3.64940205743347,10,7,1,4,"Metal"
3.92976167641211,8,8,1.5,4,"Metal"
3.16511052148006,12,9,2,10,"Ceramic"
2.83480270930731,10,7,1,4,"Ceramic"
3.4280185007653,12,8,1.5,6,"Plastic"
4.85085572207888,5,9,0.5,6,"Plastic"
4.62115328976833,5,9,2,4,"Silicon"
3.96530381597546,10,8,1,8,"Silicon"
5.08813606070362,5,8,2,10,"Metal"
4.88801298187985,5,10,2,6,"Metal"
4.29510781700295,5,9,1.5,10,"Ceramic"
4.88668272831895,5,8,2,6,"Metal"
4.8111057460639,8,7,1,10,"Silicon"
4.03490058319944,8,7,1,4,"Plastic"
3.3652658197742,10,10,2,6,"Ceramic"
4.38500385102305,10,10,1,10,"Silicon"
4.96276552353551,5,8,2,6,"Silicon"
3.77943223635246,8,8,2,6,"Ceramic"
4.92450741720677,5,10,1.5,6,"Silicon"
4.12163690382378,10,9,0.5,10,"Metal"
4.32845345187353,5,9,1.5,4,"Metal"
3.84011486863396,8,8,1,6,"Ceramic"
4.07584849301773,8,10,2,4,"Plastic"
4.96970721616632,5,10,1.5,10,"Plastic"
3.8022420062414,12,10,2,10,"Plastic"
4.92045987060519,5,8,1,6,"Metal"
3.92118833750713,10,7,0.5,8,"Silicon"
3.24364489014509,12,9,0.5,4,"Plastic"
4.79112752470208,8,9,1,10,"Silicon"
3.95205681445821,10,10,1.5,10,"Metal"
4.6990477316869,8,9,0.5,10,"Silicon"
3.5519795412767,12,9,1.5,8,"Silicon"
3.65668718796246,10,7,1.5,8,"Metal"
3.77156235194105,10,7,1.5,8,"Silicon"
4.16790604369795,10,9,1,10,"Plastic"
3.26416897558084,12,9,0.5,4,"Metal"
4.57379725135946,8,7,0.5,10,"Plastic"
4.19084612221398,5,10,0.5,8,"Ceramic"
3.02652925419574,12,8,1.5,4,"Plastic"
3.24377150192594,12,10,0.5,4,"Metal"
3.81485254688676,10,10,0.5,8,"Metal"
4.12474077195495,8,9,1.5,8,"Metal"
4.84895146272605,5,9,1,8,"Metal"
4.09729517750531,8,8,0.5,4,"Silicon"
4.17046551782613,8,10,0.5,4,"Silicon"
4.43852698688831,5,9,2,10,"Ceramic"
4.77395104781216,5,8,1.5,8,"Silicon"
4.96324326227988,5,10,2,8,"Silicon"
4.88214478220288,5,8,2,6,"Metal"
4.40021993479132,8,10,2,8,"Metal"
4.24617788985384,8,8,2,8,"Plastic"
3.37708733813809,12,9,1.5,8,"Plastic"
3.20163781010092,8,8,1.5,4,"Ceramic"
3.95017015078358,12,10,1,10,"Metal"
3.64134332767188,12,9,0.5,8,"Silicon"
3.65617794531687,10,10,1,4,"Plastic"
3.22742788442659,12,9,1.5,4,"Silicon"
4.2255256236716,8,9,0.5,8,"Metal"
3.13546107547625,10,10,1.5,8,"Ceramic"
4.98964816911849,5,8,2,6,"Silicon"
5.35297106116552,5,10,1,10,"Silicon"
4.9311248842104,5,9,1,8,"Silicon"
4.31101913716346,8,7,0.5,8,"Silicon"
3.54104928742564,12,7,1.5,6,"Silicon"
4.17635798208715,10,10,0.5,10,"Plastic"
4.19193969601172,5,8,2,8,"Ceramic"
3.59088225260562,8,8,1.5,6,"Ceramic"
3.50706621045669,8,10,1,4,"Ceramic"
3.26876246008966,12,8,1.5,8,"Plastic"
4.68810698972213,5,8,1.5,6,"Plastic"
4.66015029935382,5,9,1.5,6,"Plastic"
4.40118941546473,8,10,1,8,"Plastic"
3.661255099279,12,8,1,6,"Plastic"
4.5374307946958,8,9,1.5,10,"Silicon"
5.01917612411249,5,9,1.5,10,"Silicon"
3.67141033328473,12,10,2,6,"Plastic"
3.34744389530072,12,9,2,4,"Silicon"
4.20164497032658,5,10,1,8,"Ceramic"
3.59445316320348,12,8,1,8,"Plastic"
3.08682071159685,10,7,1.5,6,"Ceramic"
4.90172907923338,5,8,0.5,6,"Plastic"
3.38676747802963,12,10,0.5,4,"Silicon"
3.66548213970998,12,9,2,6,"Silicon"
4.85699747713942,5,9,0.5,6,"Plastic"
4.14325235983236,10,8,1,6,"Silicon"
4.88327311046106,5,7,2,6,"Plastic"
4.12740566910285,10,8,1,6,"Silicon"
4.07221478397908,10,10,1,6,"Metal"
3.91771573492215,10,9,0.5,6,"Plastic"
4.27683775866468,10,10,0.5,10,"Silicon"
3.89682159636937,8,8,0.5,10,"Ceramic"
3.73714398897377,12,10,1,6,"Plastic"
3.64196259150748,12,8,1,6,"Plastic"
4.10162963951451,5,9,1.5,6,"Ceramic"
3.07807421477414,12,9,1.5,4,"Plastic"
3.68325494136477,12,8,0.5,6,"Silicon"
4.49621590683134,5,9,0.5,4,"Metal"
3.7795884358884,12,8,0.5,10,"Metal"
4.27629517411035,5,10,0.5,6,"Ceramic"
3.59021050197748,12,9,1.5,6,"Silicon"
4.17605245608434,10,8,1,6,"Silicon"
4.64745364587608,5,10,1.5,8,"Plastic"
3.55350896661972,12,9,0.5,8,"Silicon"
3.6451966874899,12,8,1.5,10,"Plastic"
4.83714205474676,5,10,0.5,8,"Plastic"
3.68361270421223,8,8,1,8,"Ceramic"
3.61631671638624,10,8,1,4,"Plastic"
5.16279571599673,5,10,2,10,"Plastic"
4.06328525072307,10,10,1,6,"Plastic"
3.6044173126434,12,7,2,6,"Plastic"
4.14361354230365,10,9,1,6,"Silicon"
3.91194616566658,10,10,1.5,6,"Metal"
3.77013947041353,12,8,2,10,"Plastic"
3.43234984476358,12,9,1.5,6,"Plastic"
4.54707569871391,5,9,2,4,"Plastic"
3.58940928024014,12,9,0.5,6,"Plastic"
4.18721875548041,8,10,1,4,"Metal"
2.900192635684,10,7,2,4,"Ceramic"
4.32111207857276,8,9,2,8,"Plastic"
4.77320666442821,5,8,1.5,8,"Silicon"
5.03207722850096,5,9,1.5,10,"Silicon"
3.92996791630775,10,9,2,6,"Plastic"
4.45418044205681,8,9,1,8,"Silicon"
3.2933717299537,10,8,1,6,"Ceramic"
3.58651673882603,10,8,1,10,"Ceramic"
4.31594517177909,8,8,1,8,"Plastic"
4.05226668784553,5,9,1.5,6,"Ceramic"
3.48069465113641,10,9,0.5,4,"Metal"
3.40377584036503,12,9,1,4,"Silicon"
4.81276419543133,5,7,2,6,"Plastic"
4.03608885984969,10,9,1,8,"Silicon"
3.52502243214437,10,10,2,10,"Ceramic"
3.08958752608598,12,9,2,10,"Ceramic"
3.27702680453891,8,7,0.5,4,"Ceramic"
4.7921506237063,5,7,1,8,"Metal"
4.30257036951687,8,7,2,6,"Plastic"
3.21512046437049,12,7,0.5,4,"Metal"
4.40716387489843,8,9,1,8,"Plastic"
4.0744132197014,5,7,0.5,8,"Ceramic"
3.99555059194046,10,7,1.5,10,"Metal"
4.64558676072215,5,8,1.5,8,"Metal"
4.41748886302997,8,9,0.5,8,"Silicon"
5.01563911083326,5,8,0.5,10,"Plastic"
3.90202723433307,8,9,2,10,"Ceramic"
4.26873271068881,5,10,1.5,10,"Ceramic"
3.87425010024139,10,9,1.5,6,"Metal"
4.28007160205532,8,7,1,8,"Plastic"
4.57461273108267,8,7,0.5,10,"Plastic"
4.24824366080336,10,10,2,10,"Metal"
3.7019551241236,12,8,1,8,"Silicon"
3.76094839124236,12,9,2,6,"Silicon"
3.53802424300176,10,9,0.5,4,"Plastic"
4.87406043909325,5,9,2,6,"Plastic"
4.80894397147536,5,7,0.5,6,"Metal"
3.68779433791432,10,9,1,4,"Silicon"
3.66325432433748,12,9,1.5,10,"Plastic"
5.00875334758138,5,7,0.5,10,"Plastic"
4.24896713318399,10,9,0.5,10,"Silicon"
3.976601715668,8,7,2,4,"Metal"
4.24909471944672,8,9,1.5,6,"Plastic"
3.39354113719797,10,8,1,6,"Ceramic"
3.86709520749076,10,7,0.5,8,"Silicon"
3.82219989944772,12,9,2,10,"Metal"
3.85637412080223,12,10,2,6,"Silicon"
4.14051755110617,10,9,2,6,"Silicon"
4.80821376356498,5,8,2,8,"Metal"
3.88772306199107,10,8,1,8,"Metal"
3.68621800314674,8,7,1,6,"Ceramic"
4.55255641742149,8,8,0.5,10,"Plastic"
3.74346894754958,10,9,1.5,6,"Plastic"
4.58623717388763,5,7,1,4,"Metal"
3.29021997698333,12,10,1,4,"Metal"
4.59531866794992,5,7,1,4,"Metal"
3.55118194224125,10,7,1,10,"Ceramic"
5.05231849092012,5,8,0.5,10,"Metal"
3.92141103482265,12,10,1,10,"Metal"
4.07577810255591,10,10,2,6,"Plastic"
3.37616680075679,8,9,0.5,4,"Ceramic"
4.89268994941765,5,8,2,6,"Metal"
4.32790798468152,8,9,1,8,"Metal"
4.48970778354661,8,9,2,6,"Metal"
4.05327565395792,8,10,2,4,"Plastic"
3.195333464373,12,8,2,4,"Metal"
3.42120374504716,12,7,2,8,"Metal"
4.51476928838552,5,8,2,4,"Plastic"
4.20962010235107,5,7,1.5,10,"Ceramic"
3.68193438599055,10,10,1.5,8,"Plastic"
3.99316695873838,5,8,1.5,6,"Ceramic"
4.54305872656171,8,9,0.5,6,"Silicon"
4.9827581455363,5,9,1.5,10,"Metal"
4.2741761240907,5,9,1,6,"Ceramic"
4.35088920977682,5,10,2,6,"Ceramic"
3.98497148937799,8,10,0.5,4,"Plastic"
3.37210764454254,10,7,1.5,4,"Metal"
2.68345609774103,12,8,1.5,8,"Ceramic"
4.44332559300754,8,10,0.5,8,"Silicon"
3.37856116303609,12,9,2,4,"Silicon"
4.61403771411446,8,9,0.5,10,"Plastic"
3.20768160074192,10,9,2,8,"Ceramic"
4.10051025469465,5,8,1.5,6,"Ceramic"
3.70717983575295,12,8,0.5,10,"Metal"
4.06632921737408,8,10,2,10,"Ceramic"
3.37934226297527,12,8,1.5,8,"Metal"
3.72084449732623,10,9,1.5,6,"Metal"
4.68436530506075,5,8,1.5,8,"Silicon"
5.10019589041651,5,8,1,10,"Plastic"
4.41426147068923,5,8,1,10,"Ceramic"
4.17193704266871,8,7,1,4,"Silicon"
3.8144100524265,10,8,1,8,"Plastic"
4.23003424528309,8,7,0.5,8,"Plastic"
4.33488367529244,5,9,1.5,4,"Plastic"
3.65121790008219,12,9,2,8,"Silicon"
3.93265338171181,10,8,1,6,"Metal"
4.579776218139,5,10,1,4,"Metal"
2.67077847832048,10,7,1.5,4,"Ceramic"
3.0802955808765,12,7,2,10,"Ceramic"
4.5744017546709,8,9,1.5,10,"Silicon"
3.23247908134954,10,9,2,8,"Ceramic"
3.07402954194968,12,9,1.5,4,"Metal"
3.72702308196875,12,10,2,6,"Metal"
3.31761020892075,12,10,2,4,"Metal"
4.81284772375728,5,7,0.5,6,"Plastic"
3.36421004030364,12,8,1.5,8,"Metal"
5.04268492500136,5,9,1,6,"Silicon"
4.69749484616282,8,8,0.5,10,"Silicon"
3.66031204873092,12,7,1.5,10,"Silicon"
4.57092239718702,8,8,0.5,10,"Metal"
3.60831850077103,12,7,0.5,8,"Silicon"
2.9485161985368,12,7,1,6,"Ceramic"
3.71519146333846,8,10,2,8,"Ceramic"
4.97765917010468,5,9,2,6,"Silicon"
4.14608946091078,10,10,1,6,"Silicon"
4.17914197678779,8,9,0.5,8,"Plastic"
4.23551217545837,5,8,1,8,"Ceramic"
3.95222839757455,8,8,2,10,"Ceramic"
4.17969187866281,8,9,1.5,8,"Metal"
3.76807859387253,10,8,0.5,8,"Metal"
4.98944543996973,5,8,0.5,10,"Plastic"
3.63078179006458,8,9,0.5,8,"Ceramic"
5.14397157856523,5,10,1.5,10,"Silicon"
3.27302039698411,10,7,2,6,"Ceramic"
4.95521325890072,5,10,2,6,"Plastic"
4.77547143891781,5,10,0.5,8,"Metal"
3.60208088614323,8,9,1.5,6,"Ceramic"
4.28427525260467,5,8,1,6,"Ceramic"
4.3535175680887,8,7,2,6,"Plastic"
4.88904638707433,5,8,2,6,"Metal"
4.60637811332505,5,10,2,4,"Metal"
3.86209723265727,10,9,1.5,8,"Silicon"
3.74230902950186,10,10,0.5,4,"Silicon"
4.17993056949497,10,9,1,10,"Metal"
4.41966670992883,8,9,1.5,10,"Metal"
4.1489276926837,8,8,1.5,8,"Metal"
3.87593943998569,12,7,1,10,"Plastic"
4.41022516945576,8,10,0.5,6,"Plastic"
4.31721629025596,8,7,1,8,"Metal"
4.98244976592759,5,7,1,6,"Metal"
3.98448929487925,10,7,0.5,6,"Silicon"
3.21390994790813,10,9,0.5,8,"Ceramic"
4.36733119904136,8,7,0.5,6,"Plastic"
4.48158775174114,5,10,1.5,4,"Silicon"
4.79875986653778,5,7,0.5,6,"Plastic"
2.4942573827074,12,7,2,4,"Ceramic"
3.90669205935771,12,7,2,10,"Silicon"
3.30326254998689,10,10,2,6,"Ceramic"
3.76859694200691,12,8,1.5,10,"Silicon"
3.60532063494733,12,10,2,6,"Plastic"
3.69459194467359,12,9,1,6,"Metal"
4.42642560671843,8,10,2,6,"Metal"
4.04779529614629,8,10,2,4,"Plastic"
4.23197658467722,5,7,1.5,4,"Plastic"
4.25979247614043,5,9,1,6,"Ceramic"
4.42022290085995,8,10,1,8,"Metal"
3.49580218483292,10,7,1.5,4,"Silicon"
3.77235341562619,12,10,1,6,"Silicon"
3.77624632432723,12,7,1,6,"Silicon"
3.97515298450405,5,10,1.5,8,"Ceramic"
4.40246351130338,5,7,1,10,"Ceramic"
3.9220456686589,10,7,1,8,"Silicon"
4.36831883788779,8,8,1.5,10,"Metal"
2.93645190498874,12,9,1,6,"Ceramic"
3.25637387534584,12,9,1,4,"Metal"
4.59778498467954,8,8,2,10,"Plastic"
4.56230634371256,8,8,1.5,10,"Silicon"
4.01664162240974,8,9,0.5,4,"Plastic"
4.30902185253463,8,10,0.5,8,"Metal"
3.62803800037867,10,10,2,4,"Metal"
4.95317920963446,5,8,1,6,"Plastic"
3.91361234280237,10,9,0.5,6,"Plastic"
4.49182879939372,8,8,1,8,"Silicon"
4.01053362147993,8,10,2,4,"Plastic"
4.37374695795105,8,7,0.5,6,"Plastic"
2.85628535133015,12,7,2,6,"Ceramic"
4.43684081084456,8,8,1,6,"Plastic"
2.90221774562317,12,7,1,6,"Ceramic"
3.91829640205116,10,7,1,6,"Plastic"
3.28122209106546,10,7,0.5,6,"Ceramic"
4.83496225827748,5,10,1,8,"Plastic"
3.51515818500991,12,8,0.5,8,"Metal"
3.80865270525382,12,9,1.5,10,"Silicon"
3.80050082088107,8,9,1.5,4,"Metal"
4.78652466550045,5,7,2,6,"Plastic"
4.60937040250809,5,7,1,4,"Silicon"
3.69608589573165,8,7,1.5,10,"Ceramic"
3.83136278411856,12,10,2,6,"Silicon"
3.41947054352205,10,9,1.5,4,"Plastic"
3.99721762195271,10,9,2,6,"Plastic"
3.65161932394846,12,7,2,6,"Metal"
4.89509983371729,5,9,2,6,"Plastic"
4.53298781233539,8,10,0.5,10,"Plastic"
4.33736234168372,5,9,1.5,4,"Plastic"
5.12011449181611,5,7,0.5,10,"Silicon"
4.75078063859884,5,7,1.5,6,"Metal"
4.74848371818364,5,8,0.5,8,"Metal"
3.01851137724006,12,10,2,6,"Ceramic"
4.08799340782909,5,9,0.5,8,"Ceramic"
4.32099142644308,8,9,1,8,"Plastic"
5.21970602083496,5,9,2,10,"Silicon"
3.45254834346614,10,8,0.5,4,"Plastic"
3.43687987438241,10,7,2,10,"Ceramic"
5.14180118113855,5,10,1.5,10,"Silicon"
4.17041237285089,10,8,1,10,"Plastic"
4.01969587403241,10,7,2,6,"Silicon"
4.78677426636339,8,8,1,10,"Silicon"
3.33864595720758,8,8,2,4,"Ceramic"
4.84254439018694,5,9,1.5,6,"Silicon"
4.19274629671849,8,8,1,4,"Silicon"
3.9511192998959,8,9,0.5,4,"Plastic"
3.5966436706097,12,9,1,6,"Metal"
2.97271621663402,12,9,1.5,10,"Ceramic"
2.96005887584858,12,9,1.5,10,"Ceramic"
3.92124512331863,8,7,1,4,"Plastic"
2.46257716466878,12,10,1.5,4,"Ceramic"
4.01326579579988,10,9,0.5,6,"Silicon"
3.63253741197972,12,10,1.5,6,"Silicon"
3.65363280950512,10,10,1,4,"Metal"
3.33547300579829,8,7,1,4,"Ceramic"
4.00975375402292,10,9,1.5,10,"Metal"
3.34900325839188,10,8,2,6,"Ceramic"
4.47406479853577,5,10,2,10,"Ceramic"
3.8837718514985,10,9,1,8,"Plastic"
5.22077525117951,5,8,1,10,"Silicon"
4.0851947482354,10,9,0.5,6,"Silicon"
2.66719954077483,12,10,2,4,"Ceramic"
4.40059562047043,8,8,1.5,6,"Silicon"
4.48410003675174,5,8,2,4,"Metal"
4.39407406606122,5,10,1.5,4,"Metal"
3.97909398147369,8,8,0.5,4,"Metal"
3.94914786385364,12,8,1,10,"Silicon"
3.95114465601228,8,10,0.5,10,"Ceramic"
3.7082724726222,12,9,0.5,6,"Silicon"
4.24238221497322,10,10,1,10,"Metal"
3.91939049040193,8,10,1,6,"Ceramic"
4.61025138299968,5,9,1,4,"Silicon"
3.28664791314468,8,7,1,4,"Ceramic"
4.54021584175109,8,8,2,10,"Plastic"
4.11638118869781,10,10,0.5,10,"Metal"
3.29473892549218,10,7,1.5,4,"Plastic"
3.9047928245193,8,10,1.5,4,"Metal"
4.76527461527387,5,8,1,8,"Plastic"
3.54595255425755,10,10,2,10,"Ceramic"
4.17002719212727,10,7,1,10,"Metal"
4.3675349652612,5,10,1.5,4,"Metal"
3.62826698366523,12,8,2,6,"Plastic"
3.76349839978244,12,7,1,6,"Silicon"
3.38868039222899,10,10,1.5,4,"Plastic"
4.4944432882664,5,10,2,10,"Ceramic"
4.63926441580615,8,9,1,10,"Plastic"
3.0025271988081,10,8,1.5,8,"Ceramic"
3.87421558295815,10,10,0.5,8,"Plastic"
3.81623265985326,12,7,1,10,"Metal"
3.66493495339657,12,7,1,6,"Metal"
4.78702446306154,5,10,1,8,"Plastic"
2.98074777609449,12,10,1.5,10,"Ceramic"
3.07161433465272,12,9,0.5,10,"Ceramic"
3.35809430473712,12,9,2,4,"Silicon"
4.3383675734682,8,9,0.5,6,"Plastic"
3.51692768333455,12,7,0.5,6,"Metal"
3.98268160384087,10,10,1.5,10,"Plastic"
4.05374753225361,8,7,0.5,4,"Silicon"
3.32269498551031,10,10,0.5,6,"Ceramic"
2.8130858118297,12,9,1,8,"Ceramic"
4.2796555666852,8,10,1.5,8,"Silicon"
2.86801786768197,10,10,0.5,4,"Ceramic"
3.88885694537294,8,9,1.5,4,"Metal"
4.09411445351352,5,9,1,8,"Ceramic"
4.85583766107958,5,8,1,8,"Metal"
3.68476813947441,12,7,2,6,"Silicon"
4.97290574227929,5,8,0.5,10,"Metal"
3.86501891796036,8,8,1.5,4,"Plastic"
4.04529869744886,10,9,2,6,"Silicon"
4.57655572717735,8,7,1,10,"Metal"
3.9207789557981,10,7,0.5,6,"Metal"
3.80970683010099,12,7,2,10,"Silicon"
3.02898136433611,10,7,1.5,8,"Ceramic"
4.1745531475672,8,7,1,4,"Silicon"
3.52513514721965,10,9,0.5,4,"Metal"
3.97496567474423,10,10,2,8,"Plastic"
3.93113035426854,8,7,2,10,"Ceramic"
3.93288921406515,5,10,2,4,"Ceramic"
5.04665714939447,5,9,1,6,"Silicon"
4.42594313725975,5,8,0.5,4,"Metal"
4.96112312272862,5,8,1,6,"Plastic"
2.86003937822574,12,8,1,8,"Ceramic"
3.18711871905303,10,9,0.5,6,"Ceramic"
4.39266286508483,8,10,1.5,6,"Silicon"
3.48084414725296,12,10,1.5,6,"Plastic"
4.52774886667982,8,10,1,8,"Silicon"
4.15832633897421,10,8,0.5,10,"Metal"
3.69197548448148,12,9,0.5,10,"Metal"
4.08177826491875,5,7,2,8,"Ceramic"
3.32061410550585,12,10,1,4,"Metal"
3.21049846549387,10,8,2,6,"Ceramic"
3.1317625409456,12,7,0.5,4,"Plastic"
3.1846886317907,12,7,2,4,"Plastic"
3.45048617382017,12,9,1.5,6,"Plastic"
3.39648312812606,8,7,2,4,"Ceramic"
4.39723327641844,8,9,1.5,6,"Silicon"
2.94858932743077,10,9,1,4,"Ceramic"
3.83124119964955,10,9,1.5,8,"Silicon"
4.20870416610111,8,9,2,4,"Silicon"
3.63151661209393,5,7,1.5,4,"Ceramic"
3.78303300002933,8,9,1,6,"Ceramic"
5.00175788791364,5,7,2,6,"Silicon"
3.05856905519414,12,8,1.5,4,"Plastic"
2.63894247482079,12,8,2,4,"Ceramic"
4.90957059004999,5,7,1,6,"Plastic"
4.84823886218336,5,9,1.5,6,"Silicon"
3.18776588366309,12,7,2,4,"Metal"
3.79754521716276,8,9,1.5,10,"Ceramic"
5.07947673988594,5,9,1,10,"Plastic"
2.85877252604635,12,10,1.5,6,"Ceramic"
2.56679693284704,12,7,1,4,"Ceramic"
3.60241353473112,8,8,1.5,6,"Ceramic"
2.92777985153518,10,8,2,4,"Ceramic"
3.7662345640626,10,9,0.5,8,"Metal"
4.08943406242518,8,7,1.5,8,"Metal"
4.57317354128005,8,7,1.5,10,"Silicon"
4.89928089477784,5,7,2,8,"Silicon"
4.55857305562467,8,9,0.5,10,"Metal"
5.07127177293571,5,8,1.5,10,"Silicon"
5.1458360307032,5,8,0.5,10,"Silicon"
4.83522642159855,5,8,0.5,6,"Plastic"
4.59794015432846,8,8,0.5,10,"Metal"
4.412836558701,8,8,1.5,10,"Metal"
3.21024195149808,12,10,0.5,4,"Plastic"
3.41548886664068,8,7,1.5,8,"Ceramic"
4.12712346986162,10,8,1,10,"Plastic"
3.88475581896825,10,8,0.5,6,"Plastic"
5.09796918813949,5,8,1.5,10,"Silicon"
4.69960830516932,5,7,0.5,8,"Plastic"
3.79513429082437,8,10,0.5,6,"Ceramic"
3.47564526780365,12,8,1.5,8,"Silicon"
4.71329062061808,5,10,2,4,"Silicon"
2.8290621444712,12,10,2,8,"Ceramic"
3.46997138683956,12,7,0.5,8,"Metal"
2.96323806011773,10,8,1.5,8,"Ceramic"
2.86550411783901,12,7,0.5,6,"Ceramic"
3.58066938103106,12,9,1.5,6,"Silicon"
4.37038172068865,5,9,0.5,10,"Ceramic"
3.90936427770744,8,9,2,10,"Ceramic"
3.58561417380173,10,9,2,4,"Metal"
4.86421874083463,5,9,1,6,"Metal"
4.26443129061522,8,9,1.5,8,"Silicon"
3.23618620282118,10,8,0.5,6,"Ceramic"
3.14816618555731,12,10,1.5,4,"Metal"
5.27690182878526,5,10,2,10,"Silicon"
2.82384495063824,12,8,1.5,6,"Ceramic"
4.37410293346769,5,10,1.5,4,"Plastic"
3.82931315767407,10,7,2,6,"Metal"
4.576209230306,8,9,0.5,10,"Plastic"
4.37650066818737,8,8,0.5,6,"Metal"
2.71151231916895,10,7,1.5,4,"Ceramic"
4.13052421571887,10,9,0.5,10,"Metal"
3.77514544572976,10,8,2,8,"Metal"
4.74461028218016,5,9,1.5,8,"Silicon"
3.61465339117595,12,8,1,8,"Metal"
4.07254425195638,5,10,0.5,8,"Ceramic"
5.08379528283766,5,7,2,10,"Metal"
4.67052365154167,8,8,0.5,10,"Silicon"
5.2353584777169,5,10,0.5,10,"Silicon"
3.23454904439971,8,10,1.5,4,"Ceramic"
3.55817194578659,12,9,1,8,"Metal"
3.11595152945029,10,7,1.5,6,"Ceramic"
4.74348739752143,5,9,1.5,6,"Plastic"
3.40021782495317,12,8,1,4,"Silicon"
3.57383502856655,10,7,1,4,"Metal"
4.52143011924263,8,8,2,6,"Silicon"
3.74858170372403,12,8,0.5,6,"Silicon"
4.18407934340431,5,9,2,6,"Ceramic"
4.49230793826038,5,8,0.5,4,"Metal"
5.08705876878583,5,8,1.5,10,"Silicon"
4.82959305484392,5,9,2,8,"Plastic"
4.73373437161904,5,10,1.5,8,"Silicon"
4.07206528040077,10,8,2,6,"Silicon"
3.87074577430159,10,7,1,8,"Plastic"
3.63780461960556,8,8,2,8,"Ceramic"
5.02341328859434,5,8,0.5,10,"Plastic"
3.59652878256246,12,9,1,8,"Metal"
4.47778185032256,5,8,0.5,4,"Metal"
3.61703536353209,12,7,2,8,"Silicon"
3.42273233716694,10,8,1,6,"Ceramic"
4.66813774213449,5,8,2,4,"Silicon"
4.48673558557344,8,10,1.5,10,"Metal"
3.5563037214141,10,9,1.5,4,"Silicon"
4.02065935030804,10,9,2,8,"Silicon"
4.93970235463891,5,7,2,6,"Silicon"
3.16109453924528,12,8,0.5,10,"Ceramic"
5.23316530775463,5,8,0.5,10,"Silicon"
3.52683039350939,12,7,1.5,6,"Silicon"
4.57785141005023,5,9,1.5,8,"Metal"
4.5909133423839,5,7,1.5,8,"Plastic"
4.06670688681357,10,10,1,8,"Silicon"
4.76515220225408,8,10,2,10,"Silicon"
3.59892129058719,10,7,0.5,4,"Silicon"
4.75381247505749,5,10,1.5,6,"Metal"
2.93418070887633,10,9,1,4,"Ceramic"
3.84551896419857,10,10,1.5,8,"Silicon"
3.04959625421483,10,10,2,4,"Ceramic"
3.99550294932853,8,10,0.5,10,"Ceramic"
4.74334273545151,5,7,0.5,8,"Metal"
3.22359373009785,12,9,0.5,4,"Metal"
4.35917474729047,8,10,0.5,8,"Plastic"
3.96270157012654,8,10,1.5,4,"Silicon"
4.37508408967787,8,10,2,6,"Metal"
4.33814869465262,5,10,1.5,4,"Plastic"
4.30666771292273,5,10,1.5,10,"Ceramic"
4.11723016159347,5,8,2,8,"Ceramic"
4.55945706959994,8,7,2,10,"Plastic"
3.90912502350452,10,10,0.5,8,"Metal"
4.92896861192561,5,10,0.5,6,"Metal"
3.98592296813839,8,8,2,10,"Ceramic"
3.25962343108863,10,8,0.5,6,"Ceramic"
3.58518246354061,10,10,2,10,"Ceramic"
4.35536436325272,8,9,2,8,"Metal"
4.91349938619056,5,8,0.5,6,"Metal"
4.08705388493862,10,9,0.5,10,"Metal"
4.09421510701963,10,9,1.5,10,"Silicon"
4.00487369472454,5,10,1.5,8,"Ceramic"
5.22180436865582,5,10,0.5,10,"Silicon"
3.82167870681735,12,9,2,6,"Silicon"
2.63757061811455,12,9,1,4,"Ceramic"
4.76934532119518,5,8,1,8,"Metal"
2.8646221489073,12,8,1,8,"Ceramic"
3.15612566262893,12,8,2,10,"Ceramic"
4.13232523514363,5,9,0.5,8,"Ceramic"
3.66662180233497,10,8,1.5,8,"Plastic"
4.30488220078474,8,7,1,8,"Plastic"
3.15148334164248,12,9,1.5,4,"Silicon"
2.73074590218332,10,9,1.5,4,"Ceramic"
4.02142232178868,12,10,1,10,"Silicon"
4.5305309446215,8,7,2,10,"Plastic"
4.20708565614115,5,8,2,8,"Ceramic"
3.12961613116378,10,8,2,8,"Ceramic"
4.31879087381695,8,7,2,6,"Plastic"
4.07455760538069,10,10,1,6,"Plastic"
3.76554968987119,8,9,1,6,"Ceramic"
4.1173914604565,5,7,2,8,"Ceramic"
4.12675831442414,8,8,2,4,"Silicon"
4.33224361533716,5,10,1.5,4,"Plastic"
4.10837956981657,5,7,1,8,"Ceramic"
4.24117702470315,5,9,1,6,"Ceramic"
3.0816710772101,12,9,0.5,10,"Ceramic"
4.52564112165525,8,9,2,10,"Plastic"
3.84057211713893,10,8,2,8,"Plastic"
3.2196689555855,10,7,0.5,6,"Ceramic"
3.78438962409577,10,8,0.5,8,"Plastic"
3.58290739839574,12,10,1,8,"Metal"
4.63329773857753,8,10,0.5,6,"Silicon"
3.94133253008558,5,10,1,4,"Ceramic"
3.6334995522109,12,10,2,6,"Plastic"
3.77018652492209,10,9,0.5,8,"Plastic"
4.21552814909376,10,10,2,10,"Plastic"
4.35720860921924,8,7,2,8,"Metal"
3.44047266775457,10,8,0.5,10,"Ceramic"
4.83439668150834,5,10,0.5,8,"Plastic"
4.14529794815181,5,9,0.5,8,"Ceramic"
3.6720445641624,10,8,0.5,4,"Silicon"
4.89154051848927,5,7,1,6,"Plastic"
3.880601987072,10,10,2,8,"Plastic"
4.31414339928192,8,10,1.5,8,"Silicon"
2.95247038891986,10,9,1,4,"Ceramic"
3.5290607016303,10,9,1.5,4,"Silicon"
4.59020192049186,8,10,0.5,10,"Plastic"
4.34743161360439,5,10,1,6,"Ceramic"
3.40379495350939,10,7,0.5,4,"Metal"
5.00484931642002,5,7,2,10,"Metal"
4.37182704327004,10,10,1,10,"Silicon"
3.24741159034821,8,10,1.5,4,"Ceramic"
3.62571289863519,10,10,1,4,"Metal"
5.18805224652632,5,10,0.5,10,"Metal"
4.12382194600318,10,8,1,6,"Silicon"
3.36913523673944,10,10,1,6,"Ceramic"
4.95624725162365,5,9,1,6,"Metal"
3.62047831531911,8,9,2,8,"Ceramic"
2.66552031031145,10,9,1.5,4,"Ceramic"
3.97968441599718,10,8,1,6,"Metal"
4.24603817300102,8,7,1.5,6,"Silicon"
4.8637770088124,5,9,1.5,10,"Plastic"
4.62436573408321,8,10,2,6,"Silicon"
4.49175360169188,5,9,1,10,"Ceramic"
3.52553288798236,10,8,1.5,4,"Silicon"
3.9348694878976,5,9,1.5,8,"Ceramic"
3.64272853903159,12,9,0.5,6,"Metal"
4.43769847279088,8,7,1,8,"Silicon"
4.22456671609065,5,9,2,6,"Ceramic"
3.83255444948247,8,8,1,6,"Ceramic"
3.80791267329915,12,10,1.5,10,"Silicon"
3.83394230498083,12,8,1,10,"Metal"
4.8437779438095,5,8,0.5,6,"Metal"
4.06626348132177,10,9,0.5,6,"Silicon"
3.4759105775363,12,7,1,8,"Metal"
3.90197140988461,8,7,2,10,"Ceramic"
4.8509763306182,5,7,0.5,6,"Plastic"
3.93224473416201,8,8,2,4,"Metal"
4.05102497988374,8,8,0.5,4,"Metal"
3.98067417574216,12,10,0.5,10,"Silicon"
4.89013035353518,5,9,1,8,"Silicon"
3.46065697750799,12,9,0.5,8,"Metal"
3.4348396121721,12,10,1.5,8,"Plastic"
3.80635465994118,10,10,1.5,8,"Silicon"
3.52005705228873,12,7,1,8,"Plastic"
3.53176969374378,12,7,1.5,10,"Metal"
4.24436841337958,5,8,1.5,4,"Plastic"
3.65806777127128,10,8,0.5,4,"Silicon"
3.74920555123689,8,10,1,8,"Ceramic"
4.66770300538436,8,9,2,10,"Plastic"
5.17015160938278,5,10,0.5,10,"Metal"
4.32654314311314,8,7,2,6,"Metal"
4.96597950590638,5,7,1,6,"Silicon"
4.17615744936335,10,10,2,6,"Silicon"
3.72439685595335,12,9,0.5,10,"Plastic"
4.65017136935096,8,10,0.5,10,"Plastic"
3.5926662743098,10,10,1.5,4,"Silicon"
2.97455457957788,12,10,1.5,10,"Ceramic"
3.95804279379388,5,9,1,4,"Ceramic"
3.60150654887336,10,8,2,4,"Plastic"
4.00082733090948,12,10,0.5,10,"Silicon"
3.58114854270559,10,7,2,4,"Metal"
2.73187544923693,10,10,1.5,4,"Ceramic"
3.60598281199928,12,8,2,8,"Silicon"
4.72450006702597,5,10,2,4,"Silicon"
4.15129985457477,8,8,1,4,"Silicon"
3.65371732470786,10,8,1.5,8,"Metal"
4.42044103261451,5,8,2,4,"Metal"
4.95182151073969,5,10,0.5,6,"Metal"
4.09883707172627,8,7,1.5,8,"Metal"
3.81752824197631,5,10,1.5,4,"Ceramic"
3.94481871039354,10,7,1,6,"Metal"
3.58886330422922,12,7,1,6,"Metal"
3.5988777362765,10,10,1.5,4,"Silicon"
5.03728118608047,5,8,1.5,10,"Silicon"
3.42824040769797,12,7,0.5,8,"Metal"
4.36340858855752,8,8,1,8,"Plastic"
2.90939435816797,12,10,1,8,"Ceramic"
4.44945891620383,8,10,0.5,6,"Plastic"
5.12009523915096,5,7,2,10,"Metal"
4.53244491593618,8,10,0.5,6,"Silicon"
4.28090965992771,5,10,0.5,6,"Ceramic"
3.97499535268505,8,7,1.5,4,"Silicon"
3.82816374790308,12,9,2,10,"Metal"
4.05036930066215,12,10,2,10,"Silicon"
3.43800909969914,12,9,1.5,6,"Metal"
4.32853836256752,8,7,1.5,10,"Plastic"
5.07821457407328,5,8,2,10,"Plastic"
3.78481746015482,10,9,2,4,"Silicon"
3.81758159482052,12,10,0.5,6,"Silicon"
4.89199235874909,5,9,0.5,8,"Silicon"
4.39849481605836,8,7,1,8,"Silicon"
3.19417489895303,8,8,1.5,4,"Ceramic"
5.12535904337131,5,9,1,10,"Plastic"
2.63973230015506,12,10,2,4,"Ceramic"
5.18717836078876,5,10,1,10,"Metal"
3.99601021121335,12,9,1,10,"Silicon"
4.6798330926271,5,8,1.5,6,"Plastic"
3.97509798670813,12,10,0.5,10,"Silicon"
3.62811378654265,10,10,1.5,4,"Silicon"
2.73908247019158,12,7,0.5,8,"Ceramic"
3.65641946041488,10,9,0.5,4,"Silicon"
4.55162241674066,8,8,1.5,10,"Silicon"
3.78236743570225,10,10,0.5,8,"Metal"
4.1026049229753,10,9,1,8,"Silicon"
3.91463998054624,8,10,1.5,4,"Metal"
2.63041823149522,12,9,1.5,8,"Ceramic"
2.84773333466842,12,8,0.5,8,"Ceramic"
3.49760140963693,12,7,1.5,10,"Plastic"
3.90521482574594,8,7,1.5,4,"Silicon"
3.29904408386058,10,7,1.5,4,"Plastic"
4.49477388322826,5,8,2,4,"Metal"
4.52927961572636,8,8,0.5,6,"Silicon"
4.24386723744382,10,10,0.5,10,"Silicon"
4.68711867281838,5,9,0.5,8,"Metal"
3.93713102555756,10,8,1,6,"Plastic"
4.41130232646152,5,9,0.5,10,"Ceramic"
5.06104748524951,5,9,1.5,10,"Silicon"
3.92625030043998,10,7,2,6,"Plastic"
4.34201300448343,5,10,1,6,"Ceramic"
3.3010859984199,12,10,2,4,"Metal"
3.64277099143245,12,8,1,8,"Silicon"
3.76164968950567,10,7,0.5,8,"Metal"
3.53504998654271,10,9,0.5,4,"Plastic"
3.00638717872785,10,10,1,4,"Ceramic"
4.85561416037943,5,7,0.5,8,"Silicon"
3.65651553883096,12,9,1,6,"Plastic"
2.81141099311236,12,10,1.5,6,"Ceramic"
4.48900644602089,5,10,0.5,4,"Plastic"
4.05879559843538,8,10,2,4,"Metal"
4.41949457582788,8,8,2,6,"Metal"
3.98104632961438,10,10,2,6,"Plastic"
3.21775141701514,8,7,1.5,4,"Ceramic"
3.74990581087968,8,8,1,8,"Ceramic"
3.91462494110979,8,9,1,10,"Ceramic"
3.82271173440234,12,10,1.5,10,"Silicon"
4.17800827876988,10,7,2,10,"Metal"
5.0780433461823,5,7,0.5,10,"Metal"
4.18587883423468,8,8,0.5,8,"Plastic"
3.83133577563398,12,7,1,10,"Metal"
3.37982956888128,12,10,1,4,"Metal"
2.73281119664838,12,8,1.5,6,"Ceramic"
4.54035655457988,5,7,2,4,"Plastic"
3.86439496548838,8,7,0.5,10,"Ceramic"
4.51320515030107,5,7,1,4,"Metal"
4.24953075506511,8,7,1.5,6,"Metal"
3.15980233895592,12,10,1.5,4,"Metal"
3.63305415049635,12,9,1,8,"Silicon"
2.51066469250524,12,7,2,4,"Ceramic"
2.80656844211629,12,8,0.5,8,"Ceramic"
4.20967887473527,10,9,1,6,"Silicon"
3.01181244955627,12,9,1.5,10,"Ceramic"
3.48747618769936,12,8,1.5,6,"Silicon"
4.53542368213087,8,9,0.5,10,"Metal"
3.88841341590607,10,8,2,6,"Plastic"
5.1685745036355,5,10,2,10,"Plastic"
5.08601297006212,5,8,1,6,"Silicon"
4.65260688365627,8,8,2,10,"Silicon"
4.46082316057812,5,8,0.5,4,"Plastic"
5.23924930385518,5,7,1,10,"Silicon"
3.57819495093097,12,8,0.5,6,"Metal"
4.03373401496411,8,7,1,4,"Metal"
3.75995741368905,12,9,0.5,10,"Plastic"
4.35269406028814,8,10,2,8,"Metal"
3.5936773145636,10,8,1.5,8,"Plastic"
3.50782320126615,8,9,1.5,6,"Ceramic"
3.74295043946612,12,7,2,10,"Metal"
3.30974247633915,12,10,1.5,4,"Silicon"
3.51577424618362,10,9,0.5,4,"Plastic"
3.32468290333063,12,9,2,4,"Silicon"
3.93715982445667,8,9,1.5,4,"Silicon"
4.44505412769296,5,7,2,4,"Plastic"
3.58841171118195,8,8,1.5,6,"Ceramic"
4.30554197550348,10,9,1,10,"Silicon"
3.88771411866099,10,9,0.5,8,"Silicon"
3.25350998253563,10,8,2,6,"Ceramic"
3.94581100675199,8,8,0.5,4,"Plastic"
4.99192281167274,5,7,1.5,10,"Silicon"
3.25493417092318,10,7,2,6,"Ceramic"
3.98768804376726,8,7,1,4,"Metal"
3.37428386062632,8,9,1,4,"Ceramic"
3.50546381599065,8,9,1.5,6,"Ceramic"
2.61997305732672,12,8,2,4,"Ceramic"
3.97843613009144,10,9,0.5,6,"Metal"
3.66834293763961,12,7,2,6,"Silicon"
4.19952517886613,10,10,1.5,10,"Silicon"
3.95105922216906,8,10,1.5,4,"Metal"
3.87378089981762,5,9,2,4,"Ceramic"
4.18900721019377,10,8,1.5,10,"Silicon"
4.16000446846117,5,9,2,8,"Ceramic"
4.51027079905056,5,8,0.5,4,"Plastic"
4.71648404609318,5,9,1.5,6,"Metal"
5.17089371653485,5,7,1,10,"Silicon"
4.82743339552588,5,10,1.5,6,"Metal"
3.34906884027645,12,7,1.5,6,"Metal"
3.11688121799531,12,9,1.5,4,"Metal"
5.1507498379061,5,10,1,10,"Metal"
2.8475825511876,12,10,0.5,8,"Ceramic"
3.24348451130538,12,10,2,4,"Metal"
4.11135752667894,10,7,2,10,"Metal"
3.5795995142114,10,7,1,4,"Metal"
3.34052240057345,10,8,1,6,"Ceramic"
4.13482484014981,8,7,0.5,8,"Plastic"
3.65805222069514,10,9,1.5,8,"Metal"
4.03468108800289,8,10,1.5,4,"Silicon"
4.62871498263109,8,8,1.5,10,"Silicon"
3.71726308433451,12,9,1.5,10,"Metal"
4.40815365200756,8,8,1.5,10,"Metal"
4.45997105217699,8,9,1,6,"Plastic"
3.53656647735389,10,7,0.5,4,"Silicon"
3.76574824535495,8,10,0.5,8,"Ceramic"
4.7572621054912,5,7,0.5,8,"Metal"
3.59747745114127,12,9,0.5,8,"Silicon"
3.41726945471672,10,7,2,10,"Ceramic"
2.99122100731155,10,10,1.5,8,"Ceramic"
4.52973236965946,5,8,1,4,"Plastic"
3.00352331925664,12,9,2,6,"Ceramic"
4.79207227993571,5,10,2,8,"Metal"
2.94951815294589,12,10,1,8,"Ceramic"
3.5645531307324,8,7,2,8,"Ceramic"
2.5153319634733,12,8,2,4,"Ceramic"
3.64796681974065,12,10,2,6,"Metal"
3.24657361036931,12,7,2,4,"Metal"
3.56074693674283,10,10,2,10,"Ceramic"
3.36130407112332,8,7,1,4,"Ceramic"
4.1622404311055,8,9,2,4,"Silicon"
3.24973991131642,10,10,0.5,8,"Ceramic"
3.56468587706199,12,7,2,6,"Plastic"
3.6760494580799,8,7,1.5,10,"Ceramic"
2.45153211216008,12,10,1.5,4,"Ceramic"
4.23965474403779,8,9,0.5,8,"Metal"
4.37140733264466,8,7,1,6,"Metal"
5.02731318664048,5,8,1.5,10,"Silicon"
3.47819636182494,10,8,0.5,10,"Ceramic"
2.7998758640491,12,7,0.5,8,"Ceramic"
3.12792328061341,10,9,0.5,8,"Ceramic"
4.74113476608909,5,8,0.5,8,"Plastic"
4.54721582596202,5,10,1.5,4,"Silicon"
3.62998820376942,12,9,0.5,6,"Plastic"
3.66787500419969,8,7,0.5,6,"Ceramic"
3.44770474942031,8,8,1,4,"Ceramic"
2.92194332350783,12,10,2,8,"Ceramic"
3.35898738849818,12,10,1.5,8,"Plastic"
3.71154283364335,12,10,1.5,10,"Plastic"
4.43091394721773,5,8,2,10,"Ceramic"
5.09935712330367,5,10,1.5,10,"Silicon"
4.65382058365543,5,10,2,4,"Silicon"
4.69126382535891,8,7,2,10,"Silicon"
4.30268673750612,8,9,1,8,"Metal"
3.83182884570531,8,7,1.5,4,"Metal"
4.38761222122579,5,9,1,10,"Ceramic"
4.01491938524943,10,8,2,6,"Silicon"
3.7823880476662,12,8,2,10,"Metal"
4.78719629462014,5,7,0.5,6,"Metal"
2.6804814944063,12,7,1.5,8,"Ceramic"
4.20888275135696,10,8,1,6,"Silicon"
4.47909836381504,5,10,2,10,"Ceramic"
3.38539891967094,12,7,2,4,"Silicon"
4.35413897169697,8,9,1.5,6,"Silicon"
2.6255369561991,12,8,1,4,"Ceramic"
5.00754917900445,5,7,2,10,"Plastic"
3.65774533140144,12,7,2,6,"Silicon"
4.65057312727074,8,8,1,10,"Plastic"
3.96274355261673,8,10,1.5,4,"Plastic"
4.56900713293983,8,9,0.5,10,"Metal"
3.84528865058732,8,10,1,6,"Ceramic"
4.67922224357418,5,10,1.5,6,"Plastic"
5.08369680791916,5,8,1,10,"Metal"
4.6695134422902,8,8,2,10,"Metal"
3.45852702628113,10,7,2,10,"Ceramic"
3.23962931825578,8,7,0.5,4,"Ceramic"
3.59509713602528,12,8,1.5,10,"Plastic"
3.12302426042592,10,10,1.5,8,"Ceramic"
3.96410465415886,8,8,1,10,"Ceramic"
4.80198858983915,5,8,0.5,8,"Metal"
3.35337615455636,10,10,1.5,10,"Ceramic"
4.53041511223356,8,7,1.5,10,"Silicon"
4.52351569899347,8,9,2,6,"Silicon"
4.82679844553593,5,8,1,8,"Plastic"
3.76165433649695,8,9,2,6,"Ceramic"
3.90487731728201,5,7,1.5,8,"Ceramic"
2.89057061994185,12,8,2,8,"Ceramic"
3.13388731614187,12,8,1.5,4,"Silicon"
4.24912839616465,8,8,1.5,8,"Silicon"
3.48906743287716,10,7,2,4,"Metal"
4.31541337827147,10,8,0.5,10,"Silicon"
4.11552925872171,10,10,1,6,"Plastic"
2.74090851752174,12,7,0.5,8,"Ceramic"
3.25950667144076,10,9,2,6,"Ceramic"
3.69763519792025,12,7,0.5,10,"Plastic"
2.35885157537254,12,8,1.5,4,"Ceramic"
4.05587179953691,10,10,1,6,"Plastic"
2.8238675133303,12,8,0.5,6,"Ceramic"
5.08429532950322,5,8,0.5,10,"Metal"
3.01412656583918,12,9,1.5,10,"Ceramic"
4.16385859999719,8,8,1.5,8,"Plastic"
4.62227002083793,5,7,0.5,8,"Metal"
3.41750740143944,12,10,1.5,8,"Plastic"
4.10950437121051,5,7,2,8,"Ceramic"
4.69737055820753,8,7,0.5,10,"Silicon"
3.49270665280045,10,9,1.5,4,"Silicon"
3.58230773954452,10,7,0.5,4,"Silicon"
4.14906172092171,8,7,1.5,6,"Metal"
4.96110305821921,5,9,1,6,"Plastic"
3.86665106688436,5,7,1,4,"Ceramic"
3.42258588793361,12,8,1.5,6,"Plastic"
4.45547801896093,8,8,2,8,"Silicon"
4.63168197040234,5,7,1.5,6,"Metal"
5.01514316811475,5,7,0.5,10,"Metal"
3.63351780993098,10,8,1.5,8,"Plastic"
3.16070234269008,12,8,2,10,"Ceramic"
4.594866473716,5,7,0.5,4,"Silicon"
4.42595652087777,5,8,1.5,4,"Silicon"
2.97784022540235,12,7,2,6,"Ceramic"
4.49761048303207,5,9,2,4,"Metal"
3.44653334948347,10,7,1,10,"Ceramic"
3.30831246418968,10,9,1,8,"Ceramic"
4.45529432261658,5,10,0.5,4,"Plastic"
3.46841938183983,8,10,2,4,"Ceramic"
3.11042231757542,12,10,1.5,4,"Metal"
4.50833066374159,5,8,2,4,"Plastic"
4.76037479632115,5,8,0.5,6,"Plastic"
4.0305286763349,12,10,1,10,"Silicon"
3.72185710980745,12,9,1,8,"Silicon"
2.88726939455997,10,9,2,4,"Ceramic"
4.73089809840439,8,10,2,10,"Silicon"
4.74583480543817,8,9,1,10,"Silicon"
4.82643410772766,5,7,2,8,"Silicon"
4.88644814136916,5,8,1,6,"Metal"
4.20636818825224,8,9,0.5,4,"Silicon"
4.71212046742073,8,7,1,10,"Silicon"
3.45464030963942,12,9,1.5,6,"Metal"
3.93566987917193,10,7,2,6,"Plastic"
4.26825788599976,8,7,1.5,6,"Plastic"
4.69933659249224,5,8,1.5,8,"Silicon"
3.64477118235855,10,9,1,4,"Silicon"
3.97968290822901,10,7,1,6,"Plastic"
3.42288628417361,12,8,0.5,8,"Metal"
3.28002481869159,12,10,2,4,"Plastic"
3.05981155573874,10,7,1.5,6,"Ceramic"
3.4263101809124,12,9,0.5,8,"Plastic"
3.46049237545969,10,8,1.5,4,"Metal"
3.59007463228387,8,10,0.5,8,"Ceramic"
4.55009803599103,5,8,1,4,"Metal"
2.46772242935808,12,7,0.5,4,"Ceramic"
3.43927117836266,8,9,1.5,8,"Ceramic"
4.37875695451334,8,8,2,6,"Plastic"
5.34382754607224,5,10,2,10,"Silicon"
3.06846312155673,12,9,1.5,4,"Metal"
3.66710294133232,12,9,2,6,"Plastic"
4.52603347733919,5,10,2,10,"Ceramic"
4.00859651226059,10,10,0.5,6,"Metal"
3.96962525207146,10,8,1.5,6,"Silicon"
4.20490787697494,5,8,1.5,10,"Ceramic"
4.01389033108455,10,8,0.5,6,"Silicon"
3.98378007924584,8,9,0.5,4,"Plastic"
4.47376222805917,8,10,1.5,6,"Silicon"
4.01723572735196,8,8,2,4,"Metal"
4.33062706259962,5,7,0.5,10,"Ceramic"
4.63022169916184,8,10,0.5,10,"Metal"
4.00309546685938,5,8,1.5,6,"Ceramic"
4.95640894291443,5,10,1,8,"Silicon"
4.11507383620968,8,10,1,4,"Metal"
4.37375433795895,10,10,1,10,"Silicon"
3.97704119621224,10,7,1,6,"Metal"
4.065116228348,8,7,2,4,"Silicon"
5.06901761352354,5,8,2,10,"Plastic"
4.56413462057799,8,9,2,10,"Metal"
4.72675382677541,5,10,0.5,4,"Silicon"
4.21366864909369,8,10,1.5,8,"Plastic"
2.43244526373384,12,8,1.5,4,"Ceramic"
3.18730672799093,12,7,1,4,"Plastic"
3.6778939285162,8,7,2,6,"Ceramic"
3.28706825685946,10,9,2,6,"Ceramic"
3.89822797235466,10,7,2,6,"Plastic"
4.62497248212493,5,9,1,4,"Silicon"
4.40413365711239,5,9,1.5,4,"Silicon"
4.42062311705849,8,10,1,8,"Metal"
4.51728097291334,8,7,1,8,"Silicon"
4.36612139041503,10,7,1,10,"Silicon"
4.39283239767909,8,7,0.5,8,"Silicon"
3.96503192965552,12,10,1,10,"Plastic"
4.22285686988607,10,8,1,10,"Plastic"
3.70480584353086,10,10,1,4,"Metal"
2.72588305697179,10,8,1.5,4,"Ceramic"
3.17856720604692,12,10,0.5,10,"Ceramic"
4.13665108258676,8,8,1,4,"Silicon"
4.24827161622282,8,7,1,8,"Metal"
2.9523632932642,12,8,1.5,10,"Ceramic"
3.99257604392793,10,9,1.5,10,"Metal"
4.1017120608944,8,7,2,4,"Silicon"
4.26153408282392,5,10,1,6,"Ceramic"
4.8826299027671,5,7,0.5,6,"Silicon"
5.12837237156317,5,10,0.5,10,"Plastic"
4.19668637165494,10,10,0.5,10,"Plastic"
4.86925950420587,5,7,2,8,"Silicon"
4.41675825512674,8,8,2,6,"Plastic"
3.84165688211667,5,9,2,4,"Ceramic"
4.30719411276454,8,7,1,8,"Plastic"
2.43745521708583,12,9,1.5,4,"Ceramic"
4.35129766021765,8,8,2,8,"Plastic"
4.89481919567689,5,9,0.5,6,"Metal"
3.65003530946682,12,10,0.5,6,"Plastic"
4.65769920161556,5,10,1,4,"Metal"
4.3098385233638,8,7,0.5,8,"Silicon"
3.00074364705538,10,10,1.5,8,"Ceramic"
3.95203053277933,10,10,0.5,6,"Metal"
3.80565856127021,12,10,1,8,"Silicon"
5.0046060340414,5,9,2,10,"Metal"
3.40178144508057,12,7,2,8,"Plastic"
5.15297595139005,5,8,1,10,"Plastic"
3.36897308570605,12,9,0.5,4,"Silicon"
3.86801276185132,12,8,2,10,"Silicon"
4.56091121492191,8,7,1,10,"Plastic"
3.70249256398606,10,9,1.5,8,"Metal"
3.75189904307093,12,9,0.5,6,"Silicon"
3.90331462647012,5,9,1,4,"Ceramic"
3.88908367211502,8,10,1.5,4,"Metal"
4.57804770793588,5,9,2,4,"Metal"
3.51510307907205,12,8,2,8,"Metal"
4.57510239736158,5,7,2,4,"Silicon"
4.57535532397694,8,9,0.5,10,"Plastic"
4.56630958291462,8,9,2,10,"Plastic"
2.85780547304648,12,7,0.5,6,"Ceramic"
3.17972120896262,12,9,1,4,"Plastic"
3.45410791681731,12,7,0.5,8,"Metal"
4.3617013926038,8,8,1,6,"Metal"
4.62337135483211,8,7,0.5,10,"Silicon"
3.2436509313801,12,7,2,4,"Silicon"
4.2038259477543,8,7,1.5,6,"Metal"
3.61327087309725,10,9,1.5,8,"Metal"
2.72084743991465,10,7,1.5,4,"Ceramic"
2.44797645553341,12,8,1.5,4,"Ceramic"
3.15888361274462,12,9,1,10,"Ceramic"
4.50483560769087,5,9,1,4,"Plastic"
3.85286053125673,10,9,2,8,"Plastic"
3.82933846005529,8,9,1.5,10,"Ceramic"
4.80394645500621,5,10,0.5,8,"Metal"
4.53057971862891,8,8,2,10,"Plastic"
3.82663405227841,8,7,2,10,"Ceramic"
2.9960496606905,10,9,1.5,8,"Ceramic"
5.28199556864933,5,10,1,10,"Metal"
4.20837750756387,10,7,2,10,"Silicon"
3.61179216389887,12,7,1.5,10,"Plastic"
3.44801887309831,12,8,1.5,6,"Plastic"
3.8784043252801,10,8,1,8,"Plastic"
4.29963285560035,10,8,1,10,"Silicon"
4.22061032176442,8,9,1.5,8,"Silicon"
2.94645463324973,12,7,2,6,"Ceramic"
3.8874872433305,10,10,1,8,"Metal"
2.51185148685708,12,8,2,4,"Ceramic"
3.55109357447607,10,9,2,4,"Plastic"
3.88720883632882,5,9,0.5,4,"Ceramic"
4.24049705038745,10,10,0.5,10,"Silicon"
3.27781204070752,12,10,0.5,4,"Metal"
4.15427263855696,10,7,2,10,"Metal"
4.04062790159071,8,10,1,4,"Plastic"
4.03288185945019,12,8,1,10,"Silicon"
2.98197054469002,12,8,1.5,10,"Ceramic"
4.48918535438212,5,8,2,4,"Plastic"
4.22667283456781,8,7,1,4,"Silicon"
3.07204124333993,10,7,1.5,6,"Ceramic"
3.66575945743745,5,8,1.5,4,"Ceramic"
5.09303200145996,5,10,1,8,"Silicon"
4.66253654652054,5,9,1.5,6,"Plastic"
3.35701477834558,12,9,0.5,4,"Silicon"
4.60198538929755,5,7,2,4,"Silicon"
3.24439762155679,10,9,1,8,"Ceramic"
5.11556377688553,5,9,0.5,10,"Metal"
3.61193676117263,10,10,2,4,"Metal"
4.43865736344747,8,10,0.5,6,"Metal"
3.8487492465103,8,9,0.5,10,"Ceramic"
3.34862452944592,8,8,2,4,"Ceramic"
5.03520366667572,5,8,1,6,"Silicon"
3.30604946117411,12,9,0.5,4,"Silicon"
4.13635364467365,10,9,2,10,"Metal"
2.97845416916258,12,8,1,6,"Ceramic"
4.42725742697478,8,10,1.5,10,"Plastic"
4.8345167248324,5,7,2,8,"Silicon"
4.27259439325389,5,8,1.5,4,"Plastic"
4.63308880605721,5,7,0.5,8,"Plastic"
4.86403628543917,5,8,0.5,6,"Metal"
3.58009628598068,12,8,2,6,"Metal"
5.22918496501,5,9,0.5,10,"Silicon"
3.34487680189052,10,8,1.5,4,"Plastic"
4.38799434107028,8,8,0.5,6,"Metal"
4.00764550444476,10,7,2,6,"Silicon"
4.30335678572761,8,7,2,8,"Metal"
3.98743740000854,10,7,1,8,"Silicon"
4.43468632983803,8,8,2,8,"Silicon"
2.86150150416116,12,7,1.5,10,"Ceramic"
3.57894963518646,8,7,1.5,6,"Ceramic"
5.16731657768132,5,8,2,10,"Plastic"
4.23853522564519,10,7,2,10,"Silicon"
4.57608582890917,5,10,1,10,"Ceramic"
3.13059112373479,12,7,0.5,4,"Plastic"
3.2615166592932,10,8,1.5,10,"Ceramic"
3.39026077950817,10,8,1.5,4,"Metal"
3.59727096401361,10,9,1,4,"Metal"
4.65237014930827,5,8,0.5,4,"Silicon"
3.66007088633889,10,7,1.5,8,"Metal"
5.02039173419451,5,10,2,6,"Silicon"
3.73131078034824,10,10,1,4,"Plastic"
2.78584325921729,12,8,0.5,8,"Ceramic"
3.66826565964521,10,7,0.5,4,"Silicon"
4.38465193636737,8,7,2,6,"Plastic"
3.85411198974348,8,7,0.5,10,"Ceramic"
2.98110440368725,12,8,1.5,10,"Ceramic"
3.67208304644263,8,8,0.5,8,"Ceramic"
4.43489512800168,5,7,1,10,"Ceramic"
3.12537919458614,12,7,2,4,"Plastic"
3.31172626160892,10,9,1.5,10,"Ceramic"
4.82997277039675,5,9,2,6,"Plastic"
2.42227371910083,12,10,1.5,4,"Ceramic"
4.91757594352546,5,7,2,6,"Silicon"
3.54912613936891,10,9,0.5,10,"Ceramic"
2.78248873535965,12,8,0.5,8,"Ceramic"
4.58158294021603,8,8,1.5,10,"Silicon"
3.87204562812288,8,7,2,10,"Ceramic"
4.37514075067263,8,10,2,8,"Metal"
3.10554819791103,12,7,0.5,4,"Plastic"
3.78865006654873,10,9,2,8,"Plastic"
4.3644144587498,8,10,0.5,8,"Metal"
3.03029829330701,12,10,1.5,4,"Plastic"
3.76165640911249,8,9,2,6,"Ceramic"
4.44470981283897,8,8,2,8,"Silicon"
4.80399697014332,5,10,1.5,8,"Silicon"
3.78135590625454,10,10,0.5,4,"Silicon"
3.47415350482107,8,10,0.5,4,"Ceramic"
4.7580618468668,5,10,1.5,6,"Plastic"
4.1108069325868,8,10,1,4,"Plastic"
3.91790545513903,8,7,0.5,10,"Ceramic"
3.56192247955095,12,9,1,8,"Metal"
4.32659564875476,8,9,1.5,8,"Silicon"
3.98018840466571,10,10,2,6,"Plastic"
4.80528954999383,5,7,2,8,"Silicon"
2.87643813184995,12,9,0.5,8,"Ceramic"
4.3179541699209,5,9,1.5,10,"Ceramic"
4.88117792874688,5,7,2,8,"Silicon"
3.8255768964397,12,9,1,10,"Plastic"
3.57100313241181,10,8,0.5,4,"Silicon"
4.64527457498204,8,9,1,10,"Metal"
3.32289062253414,8,10,0.5,4,"Ceramic"
4.18214770058471,10,10,2,10,"Plastic"
4.87200400272719,5,10,0.5,8,"Silicon"
5.16998934594434,5,8,1,10,"Plastic"
3.2173234180537,12,8,2,10,"Ceramic"
4.49318659542591,5,7,1.5,8,"Metal"
4.87238685311426,5,7,2,6,"Plastic"
3.48808077240027,10,7,0.5,4,"Plastic"
3.80608138881365,12,7,0.5,10,"Metal"
3.22055885549062,10,8,0.5,6,"Ceramic"
5.05780491567856,5,7,1,10,"Plastic"
4.18340890778883,10,10,1,6,"Silicon"
3.53942589399712,12,10,0.5,8,"Plastic"
5.29802877591025,5,9,1,10,"Silicon"
4.04702567025981,10,8,1.5,10,"Metal"
3.95366681748254,10,10,0.5,6,"Plastic"
3.25192924263313,12,10,0.5,4,"Plastic"
3.80599647897023,8,8,1.5,10,"Ceramic"
3.36051513227231,10,10,1.5,10,"Ceramic"
4.36758825016775,5,7,0.5,10,"Ceramic"
3.22506825746714,12,9,2,4,"Plastic"
3.95408786544126,5,9,1,4,"Ceramic"
4.40416646322825,5,7,1.5,4,"Silicon"
3.73594591497977,8,8,2,6,"Ceramic"
2.74050787169372,12,9,1.5,6,"Ceramic"
3.60356852490612,12,8,1,6,"Plastic"
4.15160279188314,8,7,1.5,6,"Plastic"
2.85415275616699,10,7,2,4,"Ceramic"
3.88770064714677,10,7,2,8,"Silicon"
4.08863094085993,8,9,2,4,"Metal"
4.27455569984269,5,8,1.5,4,"Metal"
4.42383074822809,5,9,0.5,4,"Metal"
2.56169696005384,12,7,1.5,8,"Ceramic"
4.36770485754142,8,7,1.5,10,"Plastic"
3.61350167624023,5,7,1.5,4,"Ceramic"
3.40986745443166,10,10,1,6,"Ceramic"
3.16522884002638,10,9,2,8,"Ceramic"
4.14828995298536,10,7,1,6,"Silicon"
2.68518250832837,12,9,1.5,8,"Ceramic"
